{
  "parent": "minecraft:end/find_end_city",
  "criteria": {
    "elytra": {
      "conditions": {
        "items": [
          {
            "items": "minecraft:elytra"
          }
        ]
      },
      "trigger": "minecraft:inventory_changed"
    }
  },
  "display": {
    "description": {
      "translate": "advancements.end.elytra.description"
    },
    "frame": "goal",
    "icon": {
      "count": 1,
      "id": "minecraft:elytra"
    },
    "title": {
      "translate": "advancements.end.elytra.title"
    }
  },
  "requirements": [
    [
      "elytra"
    ]
  ],
  "sends_telemetry_event": true,
  "rewards": {
    "function": "detect:advancement/end/elytra"
  }
}