{
  "parent": "minecraft:husbandry/plant_seed",
  "criteria": {
    "netherite_hoe": {
      "conditions": {
        "items": [
          {
            "items": "minecraft:netherite_hoe"
          }
        ]
      },
      "trigger": "minecraft:inventory_changed"
    }
  },
  "display": {
    "description": {
      "translate": "advancements.husbandry.netherite_hoe.description"
    },
    "frame": "challenge",
    "icon": {
      "count": 1,
      "id": "minecraft:netherite_hoe"
    },
    "title": {
      "translate": "advancements.husbandry.netherite_hoe.title"
    }
  },
  "requirements": [
    [
      "netherite_hoe"
    ]
  ],
  "rewards": {
    "experience": 100,
    "function": "detect:advancement/husbandry/obtain_netherite_hoe"
  },
  "sends_telemetry_event": true
}