{
  "parent": "minecraft:story/root",
  "criteria": {
    "get_stone": {
      "conditions": {
        "items": [
          {
            "items": "#minecraft:stone_tool_materials"
          }
        ]
      },
      "trigger": "minecraft:inventory_changed"
    }
  },
  "display": {
    "description": {
      "translate": "advancements.story.mine_stone.description"
    },
    "icon": {
      "count": 1,
      "id": "minecraft:wooden_pickaxe"
    },
    "title": {
      "translate": "advancements.story.mine_stone.title"
    }
  },
  "requirements": [
    [
      "get_stone"
    ]
  ],
  "sends_telemetry_event": true,
  "rewards": {
    "function": "detect:advancement/story/mine_stone"
  }
}