{
  "parent": "minecraft:story/iron_tools",
  "criteria": {
    "diamond": {
      "conditions": {
        "items": [
          {
            "items": "minecraft:diamond"
          }
        ]
      },
      "trigger": "minecraft:inventory_changed"
    }
  },
  "display": {
    "description": {
      "translate": "advancements.story.mine_diamond.description"
    },
    "icon": {
      "count": 1,
      "id": "minecraft:diamond"
    },
    "title": {
      "translate": "advancements.story.mine_diamond.title"
    }
  },
  "requirements": [
    [
      "diamond"
    ]
  ],
  "sends_telemetry_event": true,
  "rewards": {
    "function": "detect:advancement/story/mine_diamond"
  }
}